"ASV","Module_Color","kIN_Within"
"16S_ASV_1","magenta",21.7500194111653
"16S_ASV_2","yellow",45.8440234740045
"16S_ASV_3","yellow",44.7551110450594
"16S_ASV_4","magenta",25.3349851059635
"16S_ASV_5","red",37.1755889949483
"16S_ASV_6","black",26.5431337801143
"16S_ASV_7","magenta",23.5032095921694
"16S_ASV_8","turquoise",8.80145594679808
"16S_ASV_9","yellow",45.0953956725772
"16S_ASV_10","red",36.3239781697402
"16S_ASV_11","black",26.2900913990861
"16S_ASV_12","magenta",22.8831170328685
"16S_ASV_13","yellow",45.1075897197984
"16S_ASV_14","magenta",28.6953358334899
"16S_ASV_15","yellow",44.2941347322817
"16S_ASV_16","magenta",17.7274800830551
"16S_ASV_17","yellow",42.0502487152944
"16S_ASV_18","pink",16.9081482474602
"16S_ASV_19","yellow",45.8724391199971
"16S_ASV_20","yellow",45.8360158513061
"16S_ASV_21","red",36.9254983080619
"16S_ASV_22","magenta",23.6534001807921
"16S_ASV_23","yellow",45.7848264441688
"16S_ASV_24","turquoise",17.4367846079347
"16S_ASV_25","yellow",37.0604005111552
"16S_ASV_26","yellow",45.8338098859912
"16S_ASV_27","black",25.199248590036
"16S_ASV_28","magenta",26.7521517451496
"16S_ASV_29","yellow",45.9133978384809
"16S_ASV_30","turquoise",8.5659865253722
"16S_ASV_31","magenta",29.2506691416189
"16S_ASV_32","magenta",23.9309715768142
"16S_ASV_33","yellow",45.9230100804371
"16S_ASV_34","yellow",44.8269650821527
"16S_ASV_35","yellow",45.8253628204592
"16S_ASV_36","red",36.4741259426325
"16S_ASV_37","magenta",28.0564372865431
"16S_ASV_38","red",35.6146006772521
"16S_ASV_39","turquoise",0.768163288213441
"16S_ASV_40","yellow",13.2298410980011
"16S_ASV_41","turquoise",1.94963433142762
"16S_ASV_42","yellow",45.7510159112116
"16S_ASV_43","yellow",45.7498912905308
"16S_ASV_44","red",36.9270557910614
"16S_ASV_45","turquoise",3.68136536351923
"16S_ASV_46","magenta",18.459646661601
"16S_ASV_47","black",28.987140817878
"16S_ASV_48","turquoise",1.88356914839427
"16S_ASV_49","magenta",29.1679688594999
"16S_ASV_50","magenta",22.6178360998884
"16S_ASV_51","magenta",22.5838373325452
"16S_ASV_52","red",36.0812274596415
"16S_ASV_53","magenta",28.122582332008
"16S_ASV_54","black",30.5190805482908
"16S_ASV_55","yellow",44.7250826021257
"16S_ASV_56","red",37.1905210179205
"16S_ASV_57","yellow",45.9499538716018
"16S_ASV_58","red",32.044937779784
"16S_ASV_59","yellow",45.9530896018248
"16S_ASV_60","yellow",45.8395106952707
"16S_ASV_61","red",36.7080541282989
"16S_ASV_62","blue",25.9828180338606
"16S_ASV_63","yellow",45.8212259649855
"16S_ASV_64","pink",22.3845867392558
"16S_ASV_65","magenta",28.8920082367296
"16S_ASV_66","magenta",26.5577646956624
"16S_ASV_67","black",31.6830060350875
"16S_ASV_68","red",33.5769635062914
"16S_ASV_69","black",29.1530456954351
"16S_ASV_70","yellow",10.3959383494608
"16S_ASV_71","black",28.5705601129347
"16S_ASV_72","turquoise",18.5621816908605
"16S_ASV_73","yellow",45.8398849695086
"16S_ASV_74","magenta",27.432660491799
"16S_ASV_75","pink",16.8503246020279
"16S_ASV_76","yellow",42.277357036396
"16S_ASV_77","magenta",25.0092381485348
"16S_ASV_78","magenta",24.9646144168751
"16S_ASV_79","brown",5.1722098226426
"16S_ASV_80","red",37.0236281199914
"16S_ASV_81","magenta",24.9042968842502
"16S_ASV_82","yellow",45.8617621552923
"16S_ASV_83","yellow",45.7921154109481
"16S_ASV_84","red",33.0298728000392
"16S_ASV_85","black",34.6153833046869
"16S_ASV_86","yellow",45.8728827317097
"16S_ASV_87","red",34.4972152506397
"16S_ASV_88","red",33.1287170461573
"16S_ASV_89","magenta",29.2033160695415
"16S_ASV_90","black",25.2755479978121
"16S_ASV_91","magenta",22.3703479203732
"16S_ASV_92","yellow",45.9535461564458
"16S_ASV_93","turquoise",11.9409950543287
"16S_ASV_94","magenta",24.9702298067904
"16S_ASV_95","black",34.6120067248357
"16S_ASV_96","yellow",45.8959421448953
"16S_ASV_97","purple",3.12104140271988
"16S_ASV_98","magenta",24.5693465506395
"16S_ASV_99","yellow",45.9265172503115
"16S_ASV_100","yellow",45.8657040394284
"16S_ASV_101","black",33.7642185520729
"16S_ASV_102","yellow",45.9222279293223
"16S_ASV_103","turquoise",14.0049078259927
"16S_ASV_104","magenta",27.0492066067524
"16S_ASV_105","brown",10.1747210380891
"16S_ASV_106","black",31.203555109896
"16S_ASV_107","grey",0.183178274238791
"16S_ASV_108","red",36.5289857860637
"16S_ASV_109","magenta",28.1286789132539
"16S_ASV_110","turquoise",16.6450189659558
"16S_ASV_111","yellow",42.2180168851545
"16S_ASV_112","magenta",18.4083656749281
"16S_ASV_113","turquoise",21.3062904245256
"16S_ASV_114","yellow",45.7238917876401
"16S_ASV_115","red",35.5507757222332
"16S_ASV_116","magenta",28.1062452207761
"16S_ASV_117","black",34.1899788886611
"16S_ASV_118","turquoise",19.4981379406288
"16S_ASV_119","yellow",42.7669904843355
"16S_ASV_120","red",35.3017843277718
"16S_ASV_121","red",33.7366342916246
"16S_ASV_122","turquoise",3.46663723801058
"16S_ASV_123","magenta",27.4309929840128
"16S_ASV_124","black",31.9410296039735
"16S_ASV_125","black",34.2820738564009
"16S_ASV_126","turquoise",3.13889266444159
"16S_ASV_127","yellow",45.7536866489838
"16S_ASV_128","brown",3.1198076580024
"16S_ASV_129","yellow",45.8164087357182
"16S_ASV_130","red",36.7420665654778
"16S_ASV_131","red",31.4501468284749
"16S_ASV_132","turquoise",22.2448724233841
"16S_ASV_133","magenta",22.4796922204708
"16S_ASV_134","pink",17.6449600011195
"16S_ASV_135","magenta",29.0055186858737
"16S_ASV_136","yellow",14.5391165493095
"16S_ASV_137","magenta",27.0764346965267
"16S_ASV_138","yellow",45.7518529200445
"16S_ASV_139","turquoise",2.94357380420303
"16S_ASV_140","turquoise",12.7691807700038
"16S_ASV_141","black",34.2619449381076
"16S_ASV_142","red",36.2740588759531
"16S_ASV_143","blue",39.3074882308769
"16S_ASV_144","turquoise",2.94999142476262
"16S_ASV_145","black",24.942445707962
"16S_ASV_146","black",30.9466697965171
"16S_ASV_147","greenyellow",0.744854135041703
"16S_ASV_148","black",27.5607832880609
"16S_ASV_149","red",36.7689371371242
"16S_ASV_150","red",36.8593732331663
"16S_ASV_151","yellow",42.7676917811693
"16S_ASV_152","red",36.0656494300729
"16S_ASV_153","turquoise",0.774184130426651
"16S_ASV_154","red",36.306290777846
"16S_ASV_155","turquoise",16.8012286650083
"16S_ASV_156","turquoise",15.5565623418358
"16S_ASV_157","black",31.0117774610809
"16S_ASV_158","black",31.2396502841458
"16S_ASV_159","black",34.3222250532182
"16S_ASV_160","yellow",13.283268344697
"16S_ASV_161","black",29.7486238346779
"16S_ASV_162","turquoise",3.90625424439314
"16S_ASV_163","red",36.1137776680614
"16S_ASV_164","black",34.3533941068806
"16S_ASV_165","red",36.7217030951688
"16S_ASV_166","magenta",25.8107535830752
"16S_ASV_167","turquoise",12.5124686526762
"16S_ASV_168","turquoise",16.8791380240518
"16S_ASV_169","blue",34.3391412760959
"16S_ASV_170","pink",25.2695684644824
"16S_ASV_171","yellow",45.924155064949
"16S_ASV_172","black",32.6743807198005
"16S_ASV_173","grey",0.787181349677476
"16S_ASV_174","brown",5.31429645956101
"16S_ASV_175","turquoise",2.93583867687636
"16S_ASV_176","magenta",28.7071562164509
"16S_ASV_177","green",6.21832792594938
"16S_ASV_178","magenta",25.0644995847278
"16S_ASV_179","red",34.6218529716254
"16S_ASV_180","turquoise",17.2443996137602
"16S_ASV_181","turquoise",20.1142456826911
"16S_ASV_182","pink",22.8688503671734
"16S_ASV_183","black",33.4646470853897
"16S_ASV_184","yellow",45.6844774431987
"16S_ASV_185","turquoise",0.94686291522754
"16S_ASV_186","pink",22.293704788908
"16S_ASV_187","turquoise",11.9247243712923
"16S_ASV_188","yellow",45.6859800278673
"16S_ASV_189","yellow",13.2402184336524
"16S_ASV_190","black",34.5925587854797
"16S_ASV_191","red",33.417307308876
"16S_ASV_192","red",36.959574718899
"16S_ASV_193","purple",6.99059631484378
"16S_ASV_194","red",36.8876868404732
"16S_ASV_195","brown",1.63267657213487
"16S_ASV_196","black",27.6518956778729
"16S_ASV_197","pink",16.87743352562
"16S_ASV_198","magenta",17.3069226659825
"16S_ASV_199","brown",3.47465181975387
"16S_ASV_200","black",34.2389180844841
"16S_ASV_201","black",25.4042624375835
"16S_ASV_202","yellow",45.9291226273285
"16S_ASV_203","red",33.0750889562698
"16S_ASV_204","yellow",45.9307472580284
"16S_ASV_205","magenta",28.6856825297649
"16S_ASV_206","yellow",11.3938276178866
"16S_ASV_207","pink",25.7837509039897
"16S_ASV_208","pink",28.2982454974979
"16S_ASV_209","black",28.011368501843
"16S_ASV_210","black",33.8953195078636
"16S_ASV_211","brown",10.0901880478954
"16S_ASV_212","pink",22.8507555015383
"16S_ASV_213","black",0.383149220590989
"16S_ASV_214","black",30.7362917666852
"16S_ASV_215","turquoise",2.98779438138491
"16S_ASV_216","yellow",14.2614802219982
"16S_ASV_217","yellow",42.3016480788904
"16S_ASV_218","turquoise",3.49834559936658
"16S_ASV_219","turquoise",16.1449090630613
"16S_ASV_220","turquoise",16.8938467429202
"16S_ASV_221","pink",18.12572422642
"16S_ASV_222","turquoise",18.563895251305
"16S_ASV_223","turquoise",3.58163072882613
"16S_ASV_224","magenta",27.6312673319229
"16S_ASV_225","turquoise",4.0052896890391
"16S_ASV_226","yellow",14.6899958942832
"16S_ASV_227","turquoise",5.41842076527752
"16S_ASV_228","black",29.7540984603661
"16S_ASV_229","red",36.2488135857426
"16S_ASV_230","yellow",16.7491103438776
"16S_ASV_231","black",30.3974252255832
"16S_ASV_232","purple",3.96144011392126
"16S_ASV_233","pink",26.6495513452416
"16S_ASV_234","pink",19.3623319878746
"16S_ASV_235","pink",28.7920421687052
"16S_ASV_236","black",34.2605050650036
"16S_ASV_237","black",34.2510313735112
"16S_ASV_238","turquoise",20.7963952658098
"16S_ASV_239","turquoise",21.3107651062589
"16S_ASV_240","black",4.30936656605637
"16S_ASV_241","yellow",18.1163894948199
"16S_ASV_242","red",30.8973252383252
"16S_ASV_243","turquoise",0.878181313394726
"16S_ASV_244","blue",37.2435219345419
"16S_ASV_245","black",34.1146770597121
"16S_ASV_246","turquoise",3.0275328497994
"16S_ASV_247","brown",2.0975281723874
"16S_ASV_248","red",36.2818120416421
"16S_ASV_249","yellow",11.8417370002873
"16S_ASV_250","blue",41.353008138231
"16S_ASV_251","pink",26.9111955653087
"16S_ASV_252","grey",0.202226011926879
"16S_ASV_253","turquoise",0.809146730886147
"16S_ASV_254","pink",24.6166873452343
"16S_ASV_255","yellow",45.7302264732681
"16S_ASV_256","brown",8.04531879681983
"16S_ASV_257","grey",1.85680821824406
"16S_ASV_258","turquoise",2.11009393605171
"16S_ASV_259","blue",41.1101964181797
"16S_ASV_260","turquoise",12.5316428955028
"16S_ASV_261","blue",40.4900219976138
"16S_ASV_262","turquoise",3.53229137246034
"16S_ASV_263","yellow",12.981767205187
"16S_ASV_264","turquoise",15.9726294559327
"16S_ASV_265","turquoise",13.0363346982048
"16S_ASV_266","pink",27.1994521921163
"16S_ASV_267","magenta",22.8839810257785
"16S_ASV_268","red",36.6035012934702
"16S_ASV_269","blue",35.1223253678268
"16S_ASV_270","green",5.39760408246349
"16S_ASV_271","red",35.9881530306711
"16S_ASV_272","blue",34.6244497517847
"16S_ASV_273","blue",39.2730405240122
"16S_ASV_274","turquoise",2.96235379534131
"16S_ASV_275","greenyellow",1.53886733246354
"16S_ASV_276","pink",28.5358688460193
"16S_ASV_277","brown",4.96847767653958
"16S_ASV_278","red",33.1465347659378
"16S_ASV_279","turquoise",16.2955653368976
"16S_ASV_280","pink",28.3780278214678
"16S_ASV_281","red",36.2711502339944
"16S_ASV_282","pink",26.814573174951
"16S_ASV_283","turquoise",1.37887614509032
"16S_ASV_284","pink",22.8903307459797
"16S_ASV_285","turquoise",20.8829368131442
"16S_ASV_286","turquoise",3.08527072926837
"16S_ASV_287","pink",16.0599500411551
"16S_ASV_288","yellow",17.45907812097
"16S_ASV_289","turquoise",2.7626436208883
"16S_ASV_290","brown",10.0535002894626
"16S_ASV_291","turquoise",17.9497661544048
"16S_ASV_292","blue",33.4333631257461
"16S_ASV_293","brown",3.33362495163796
"16S_ASV_295","pink",19.0650050708084
"16S_ASV_296","turquoise",3.20716138043249
"16S_ASV_297","turquoise",21.291126572355
"16S_ASV_298","turquoise",12.65812968962
"16S_ASV_299","grey",0.199955492090554
"16S_ASV_300","grey",0.292899414156557
"16S_ASV_301","brown",10.2099290013294
"16S_ASV_302","turquoise",5.45849157745169
"16S_ASV_303","turquoise",5.58443298797584
"16S_ASV_304","pink",25.1466903965626
"16S_ASV_305","brown",3.5288163119543
"16S_ASV_306","blue",39.5466000726465
"16S_ASV_307","turquoise",3.08317522541932
"16S_ASV_308","pink",24.7641166242053
"16S_ASV_309","black",34.152578052222
"16S_ASV_310","turquoise",8.7440021146775
"16S_ASV_311","turquoise",1.64597119092518
"16S_ASV_312","brown",9.72328570849375
"16S_ASV_313","purple",6.75954175996753
"16S_ASV_314","blue",36.6261235226425
"16S_ASV_315","brown",11.0395575700752
"16S_ASV_316","pink",14.5438902879674
"16S_ASV_317","greenyellow",0.969384702642623
"16S_ASV_318","grey",0.73099245460693
"16S_ASV_319","blue",40.9114336132165
"16S_ASV_320","blue",39.2512705880697
"16S_ASV_321","yellow",14.6202262491161
"16S_ASV_322","purple",5.3584917817173
"16S_ASV_323","brown",10.1665680395586
"16S_ASV_324","yellow",13.5425961815679
"16S_ASV_325","yellow",13.2553537000531
"16S_ASV_326","turquoise",2.00834177221464
"16S_ASV_327","green",14.4172159240405
"16S_ASV_328","pink",20.5261154587086
"16S_ASV_329","brown",2.99735503132394
"16S_ASV_330","blue",37.6958694983949
"16S_ASV_331","pink",22.3287197839898
"16S_ASV_333","pink",24.354895970786
"16S_ASV_334","black",34.3200252114752
"16S_ASV_335","greenyellow",1.51589045536077
"16S_ASV_336","turquoise",18.3708618889975
"16S_ASV_337","purple",5.77762815817938
"16S_ASV_338","turquoise",5.73354634453441
"16S_ASV_340","turquoise",5.64875289474513
"16S_ASV_341","blue",41.4452950946014
"16S_ASV_342","grey",1.80739181281734
"16S_ASV_343","pink",26.118816530215
"16S_ASV_344","purple",3.82144456327262
"16S_ASV_345","grey",0.100811133187821
"16S_ASV_346","brown",6.07817647032276
"16S_ASV_347","turquoise",5.11680237087893
"16S_ASV_348","blue",41.2717471082943
"16S_ASV_349","turquoise",3.94920116024147
"16S_ASV_350","pink",27.5672857465228
"16S_ASV_351","turquoise",1.79912639024191
"16S_ASV_352","grey",0.461063051446658
"16S_ASV_353","brown",11.5367725369236
"16S_ASV_354","turquoise",3.60718035159122
"16S_ASV_355","blue",41.1750462003684
"16S_ASV_356","grey",1.49874411103057
"16S_ASV_357","turquoise",0.982584532135803
"16S_ASV_358","black",4.25059754859834
"16S_ASV_359","blue",37.2780836046096
"16S_ASV_360","pink",28.6565853736673
"16S_ASV_361","turquoise",2.69403792463761
"16S_ASV_362","turquoise",8.60313703562529
"16S_ASV_363","pink",22.6432650743277
"16S_ASV_364","pink",27.5817364906493
"16S_ASV_365","blue",33.4274387818584
"16S_ASV_366","turquoise",1.90864772363674
"16S_ASV_367","purple",5.18061178583537
"16S_ASV_368","greenyellow",3.7375349764116
"16S_ASV_369","brown",4.98403747662105
"16S_ASV_370","brown",5.28068448334899
"16S_ASV_371","blue",41.212194483716
"16S_ASV_373","brown",2.45313517544723
"16S_ASV_374","brown",10.148889660749
"16S_ASV_375","blue",33.3787924675115
"16S_ASV_376","purple",1.2977551615029
"16S_ASV_377","brown",1.49458461525735
"16S_ASV_378","green",11.7691013729706
"16S_ASV_380","pink",28.3208518568811
"16S_ASV_381","pink",27.5511708028797
"16S_ASV_382","turquoise",2.1478503734167
"16S_ASV_383","pink",28.1430692110248
"16S_ASV_384","yellow",14.7872288649715
"16S_ASV_385","brown",0.897436132975347
"16S_ASV_386","blue",38.8592086881478
"16S_ASV_387","grey",1.18245689181072
"16S_ASV_388","blue",38.9783433098978
"16S_ASV_389","turquoise",2.89642089818604
"16S_ASV_390","brown",8.72387725811506
"16S_ASV_391","turquoise",0.466976629957343
"16S_ASV_392","pink",1.40503560065778
"16S_ASV_393","blue",41.8386147620202
"16S_ASV_394","brown",2.68087894973327
"16S_ASV_395","blue",38.1188005686397
"16S_ASV_396","turquoise",4.47724937392119
"16S_ASV_397","yellow",3.25527274616293
"16S_ASV_398","purple",0.849852375073476
"16S_ASV_399","blue",39.1360505744102
"16S_ASV_400","brown",10.7462411495981
"16S_ASV_401","purple",7.38270243058566
"16S_ASV_402","grey",0.509807851791471
"16S_ASV_403","turquoise",3.19099786719908
"16S_ASV_404","purple",1.52822875841254
"16S_ASV_406","blue",41.3971364232918
"16S_ASV_408","brown",8.75268924894774
"16S_ASV_409","purple",5.52574120641239
"16S_ASV_410","turquoise",2.16220064091936
"16S_ASV_411","pink",23.5475933389322
"16S_ASV_412","grey",1.55881906885956
"16S_ASV_413","purple",0.377132703679384
"16S_ASV_415","black",4.3001369380375
"16S_ASV_416","blue",38.7390947844881
"16S_ASV_417","green",10.1833604569866
"16S_ASV_418","brown",3.23650909096929
"16S_ASV_419","yellow",5.68855261985503
"16S_ASV_421","turquoise",3.17218820561095
"16S_ASV_422","turquoise",2.79965030257202
"16S_ASV_424","grey",0.192286382852451
"16S_ASV_425","purple",5.49920157189641
"16S_ASV_427","brown",2.20254093160776
"16S_ASV_428","turquoise",4.82680159923458
"16S_ASV_429","brown",11.8545736933795
"16S_ASV_430","purple",5.46235382645913
"16S_ASV_431","grey",0.128370311611214
"16S_ASV_432","turquoise",0.847726608151274
"16S_ASV_433","turquoise",6.82677273409163
"16S_ASV_434","green",2.40948950065446
"16S_ASV_435","green",10.0694483369478
"16S_ASV_436","pink",14.1940106094751
"16S_ASV_437","brown",3.29308404423829
"16S_ASV_438","pink",0.306824199882255
"16S_ASV_440","brown",4.05207946193532
"16S_ASV_442","purple",5.41296818791158
"16S_ASV_443","blue",38.1101985324061
"16S_ASV_445","grey",1.10788659686353
"16S_ASV_447","greenyellow",1.88711836593117
"16S_ASV_448","grey",0.28840262150491
"16S_ASV_449","blue",40.324532345686
"16S_ASV_450","grey",0.138278889994875
"16S_ASV_451","turquoise",4.35087349975622
"16S_ASV_453","brown",2.99223142923258
"16S_ASV_455","purple",3.47481634857359
"16S_ASV_456","brown",3.11479843815384
"16S_ASV_457","green",14.8396222124148
"16S_ASV_458","purple",5.01184705974176
"16S_ASV_460","grey",0.204964891656829
"16S_ASV_461","grey",0.149308915161642
"16S_ASV_463","blue",41.0833258181255
"16S_ASV_464","grey",0.291275076594283
"16S_ASV_465","turquoise",5.36520004168833
"16S_ASV_467","blue",37.1561912592993
"16S_ASV_468","pink",28.449592232087
"16S_ASV_469","brown",3.90571368143804
"16S_ASV_470","purple",1.22380890907194
"16S_ASV_471","purple",5.38043328525612
"16S_ASV_472","turquoise",5.40296206561006
"16S_ASV_473","brown",1.92978408802915
"16S_ASV_474","blue",39.3204621978217
"16S_ASV_475","blue",38.3496523921543
"16S_ASV_476","brown",5.03600846752602
"16S_ASV_479","grey",0.814838504957457
"16S_ASV_480","brown",9.92768528700926
"16S_ASV_484","grey",0.360996124031614
"16S_ASV_487","green",10.2979384708213
"16S_ASV_488","blue",41.2847909716646
"16S_ASV_490","purple",6.57198720131747
"16S_ASV_491","yellow",1.684765793461
"16S_ASV_492","red",3.60077301488063
"16S_ASV_494","brown",5.13186324536057
"16S_ASV_497","brown",0.536851035129862
"16S_ASV_499","blue",41.4174927558177
"16S_ASV_501","brown",8.7890734436953
"16S_ASV_503","blue",41.264773913731
"16S_ASV_504","brown",7.76867382909867
"16S_ASV_505","brown",1.75178214131547
"16S_ASV_506","purple",8.73555209530381
"16S_ASV_507","grey",0.125066628649028
"16S_ASV_508","yellow",7.51838259651924
"16S_ASV_509","grey",0.237301579475735
"16S_ASV_510","pink",1.50274142048088
"16S_ASV_515","pink",23.3958886934041
"16S_ASV_516","brown",5.03938441268576
"16S_ASV_517","grey",0.896457610209344
"16S_ASV_518","turquoise",5.1638642422996
"16S_ASV_519","black",4.1430390941306
"16S_ASV_520","grey",0.196430486321514
"16S_ASV_524","turquoise",3.59116759730785
"16S_ASV_526","blue",38.9898269770648
"16S_ASV_528","greenyellow",3.91920107798258
"16S_ASV_530","grey",0.183335076996117
"16S_ASV_531","turquoise",3.25620364369494
"16S_ASV_534","purple",8.0435895236712
"16S_ASV_535","turquoise",5.03134173952223
"16S_ASV_537","brown",1.5478751217201
"16S_ASV_538","turquoise",3.95292967627694
"16S_ASV_539","greenyellow",5.79039571662588
"16S_ASV_540","green",12.0979707833234
"16S_ASV_541","green",15.2318993319862
"16S_ASV_543","purple",0.428388221006596
"16S_ASV_544","green",14.0178308616936
"16S_ASV_547","brown",0.677234368797526
"16S_ASV_549","grey",1.0327621033802
"16S_ASV_550","blue",39.4060852651473
"16S_ASV_553","purple",6.82897155999723
"16S_ASV_554","grey",0.498397440324744
"16S_ASV_555","turquoise",1.91770619968391
"16S_ASV_557","purple",0.669981749080277
"16S_ASV_558","green",9.12291901005301
"16S_ASV_559","purple",1.49466831492316
"16S_ASV_560","purple",8.65448076452859
"16S_ASV_562","black",1.14478848155249
"16S_ASV_563","grey",0.222457734469608
"16S_ASV_566","grey",0.209532162238867
"16S_ASV_567","turquoise",3.05383339295539
"16S_ASV_568","blue",38.3667862261602
"16S_ASV_570","brown",4.09306566543537
"16S_ASV_571","red",4.67872666113192
"16S_ASV_572","grey",0.28277789053655
"16S_ASV_573","turquoise",2.13090853833087
"16S_ASV_576","brown",4.16168723905355
"16S_ASV_578","brown",3.66670201918368
"16S_ASV_579","blue",41.0950941948392
"16S_ASV_580","green",13.7557351293948
"16S_ASV_581","grey",3.29134233854613
"16S_ASV_582","purple",3.86994143748629
"16S_ASV_583","pink",5.11468847352157
"16S_ASV_584","black",0.393821715904199
"16S_ASV_585","purple",2.1173961766018
"16S_ASV_586","brown",1.5128589579336
"16S_ASV_587","greenyellow",3.61253475465552
"16S_ASV_589","grey",0.627123576485908
"16S_ASV_591","grey",0.428453026119328
"16S_ASV_594","grey",0.143203657793645
"16S_ASV_595","blue",37.6508302233325
"16S_ASV_596","grey",0.321998999943882
"16S_ASV_597","grey",0.301186645018728
"16S_ASV_598","green",6.57360792016631
"16S_ASV_602","purple",8.45020063441409
"16S_ASV_605","grey",1.07681108808375
"16S_ASV_606","brown",3.02259178577699
"16S_ASV_612","magenta",0.732995223462885
"16S_ASV_613","green",13.3510772696381
"16S_ASV_616","purple",1.5170457576302
"16S_ASV_620","brown",1.29881481263862
"16S_ASV_621","brown",4.95957165960513
"16S_ASV_625","greenyellow",2.80736381188593
"16S_ASV_626","red",3.52881120756743
"16S_ASV_629","greenyellow",1.81348933587449
"16S_ASV_630","brown",3.01417980186335
"16S_ASV_631","grey",1.48014291692107
"16S_ASV_636","grey",0.122427698993093
"16S_ASV_638","brown",1.58135124383557
"16S_ASV_640","purple",5.82020787227208
"16S_ASV_642","magenta",0.259704285597199
"16S_ASV_643","turquoise",4.93353118948086
"16S_ASV_645","green",6.85517271949108
"16S_ASV_646","purple",0.436810511228833
"16S_ASV_650","brown",4.12670091221686
"16S_ASV_658","yellow",3.2047807896618
"16S_ASV_660","grey",0.275311048484776
"16S_ASV_664","greenyellow",4.34948276310645
"16S_ASV_667","brown",0.414514275581142
"16S_ASV_670","purple",6.91342570211549
"16S_ASV_671","red",8.45264543541083
"16S_ASV_673","purple",1.21244009854629
"16S_ASV_675","brown",0.629666460348471
"16S_ASV_676","greenyellow",3.78925057483746
"16S_ASV_677","pink",5.01276312831406
"16S_ASV_682","green",10.6071002621278
"16S_ASV_684","yellow",12.1057618682471
"16S_ASV_688","greenyellow",2.37291529784327
"16S_ASV_690","yellow",0.44167134429128
"16S_ASV_699","grey",1.13496092096921
"16S_ASV_701","turquoise",1.81600273059677
"16S_ASV_702","green",12.1757636054825
"16S_ASV_705","yellow",8.09613462808198
"16S_ASV_707","grey",0.65394892040331
"16S_ASV_709","red",1.35821024521315
"16S_ASV_711","green",12.0214014449048
"16S_ASV_714","brown",1.76162211556066
"16S_ASV_716","grey",1.18382172005182
"16S_ASV_717","grey",0.232333437033808
"16S_ASV_721","purple",6.34295152963699
"16S_ASV_729","purple",0.388535015997369
"16S_ASV_732","yellow",3.76840402137651
"16S_ASV_735","purple",2.11946832522117
"16S_ASV_736","red",2.51087971155828
"16S_ASV_739","grey",1.27663165910592
"16S_ASV_742","brown",1.61264948116692
"16S_ASV_743","greenyellow",5.70289077140855
"16S_ASV_745","purple",0.542689704213922
"16S_ASV_756","grey",2.18006658794717
"16S_ASV_759","brown",1.10542428148589
"16S_ASV_762","brown",1.09724036990854
"16S_ASV_770","purple",1.0068012871293
"16S_ASV_771","turquoise",3.27467668757743
"16S_ASV_773","greenyellow",0.81947572000745
"16S_ASV_782","brown",5.45682361068521
"16S_ASV_783","brown",2.66119621413143
"16S_ASV_784","brown",3.94999226661114
"16S_ASV_785","grey",0.772499160581751
"16S_ASV_786","pink",0.984898321187532
"16S_ASV_795","brown",4.92925256642954
"16S_ASV_801","greenyellow",2.5199424652287
"16S_ASV_809","pink",2.83171526228814
"16S_ASV_811","grey",0.285393818852329
"16S_ASV_815","blue",13.8625975713134
"16S_ASV_816","grey",3.25906901666559
"16S_ASV_820","turquoise",5.1583981688433
"16S_ASV_823","yellow",10.9925020550235
"16S_ASV_825","brown",2.1313968093818
"16S_ASV_828","grey",1.16389247412016
"16S_ASV_831","greenyellow",5.56426506847317
"16S_ASV_832","grey",0.192881590994154
"16S_ASV_840","green",13.7044547291919
"16S_ASV_842","brown",3.60860837062419
"16S_ASV_854","brown",1.25062986801313
"16S_ASV_856","greenyellow",2.20530310851721
"16S_ASV_860","brown",9.61887084591501
"16S_ASV_863","grey",0.31188037073155
"16S_ASV_864","black",0.75862093891295
"16S_ASV_865","grey",0.272452386278339
"16S_ASV_866","brown",2.08654995494288
"16S_ASV_867","yellow",2.24451255130938
"16S_ASV_870","brown",5.56232532443381
"16S_ASV_873","grey",1.41922577269829
"16S_ASV_878","grey",0.389451732755684
"16S_ASV_884","grey",0.526352452454055
"16S_ASV_886","grey",1.41055205142147
"16S_ASV_890","green",3.23333459038218
"16S_ASV_900","yellow",6.34991366771361
"16S_ASV_912","pink",5.09118227961038
"16S_ASV_920","yellow",3.76009819059388
"16S_ASV_922","yellow",9.28795802473302
"16S_ASV_928","brown",1.97157735621874
"16S_ASV_929","grey",0.288754809489245
"16S_ASV_933","purple",6.56442482099694
"16S_ASV_934","grey",1.48200771813781
"16S_ASV_937","greenyellow",1.44846961054737
"16S_ASV_940","magenta",0.364727009932139
"16S_ASV_943","grey",1.21305451449084
"16S_ASV_956","grey",1.13317480931577
"16S_ASV_957","magenta",0.900169103376056
"16S_ASV_960","grey",3.23193893042374
"16S_ASV_961","grey",1.16322778130977
"16S_ASV_966","greenyellow",1.42776615816092
"16S_ASV_978","grey",2.1456605313181
"16S_ASV_988","brown",2.96033025608025
"16S_ASV_998","greenyellow",4.45576007594257
"16S_ASV_1002","green",12.4970762375613
"16S_ASV_1012","grey",0.211960867182421
"16S_ASV_1014","brown",2.32235535447175
"16S_ASV_1018","brown",3.00251748921571
"16S_ASV_1028","yellow",4.17327216132785
"16S_ASV_1031","greenyellow",4.37753189559918
"16S_ASV_1038","brown",1.69451279908747
"16S_ASV_1054","brown",4.92842691445692
"16S_ASV_1059","brown",2.18362048395425
"16S_ASV_1070","grey",0.320712380503978
"16S_ASV_1072","greenyellow",3.94728288811182
"16S_ASV_1102","brown",2.49478721634095
"16S_ASV_1113","turquoise",0.612984464745204
"16S_ASV_1146","grey",0.110827927893199
"16S_ASV_1147","blue",4.28331397501757
"16S_ASV_1174","green",14.6446622034858
"16S_ASV_1176","grey",2.19653421927187
"16S_ASV_1196","turquoise",1.25532492761485
"16S_ASV_1200","yellow",1.55543227981625
"16S_ASV_1212","brown",2.10344705913625
"16S_ASV_1230","pink",4.83593957864413
"16S_ASV_1241","red",3.96728324566611
"16S_ASV_1258","yellow",5.64206292489526
"16S_ASV_1297","brown",1.85793112386709
"16S_ASV_1306","yellow",5.18864633562156
"16S_ASV_1323","green",5.86926751007456
"16S_ASV_1357","blue",1.07615380395712
"16S_ASV_1363","greenyellow",1.32741233828516
"16S_ASV_1368","grey",0.249778148766897
"16S_ASV_1370","grey",0.186140326868712
"16S_ASV_1375","magenta",0.823845637893521
"16S_ASV_1393","grey",0.203162368674718
"16S_ASV_1463","yellow",4.04244192298917
"16S_ASV_1474","grey",0.177173237787322
"16S_ASV_1479","brown",4.55991235443035
"16S_ASV_1529","brown",1.80295825891158
"16S_ASV_1541","yellow",2.8764080324138
"16S_ASV_1550","yellow",5.08664965927457
"16S_ASV_1551","greenyellow",2.7244337528453
"16S_ASV_1590","greenyellow",0.262184650662076
"16S_ASV_1609","grey",0.429283375805485
"16S_ASV_1641","yellow",8.30495503005882
"16S_ASV_1679","grey",0.575656720077282
"16S_ASV_1726","yellow",8.37151613283298
"16S_ASV_1743","yellow",7.27703834641063
"16S_ASV_1949","greenyellow",4.4765939316423
"16S_ASV_2121","grey",0.530194300521941
"16S_ASV_2189","grey",0.221564916182883
"16S_ASV_2408","yellow",7.97269957097407
"16S_ASV_3009","yellow",7.59489453765134
"18S_ASV_1","magenta",3.12961751109284
"18S_ASV_2","black",1.68836423782519
"18S_ASV_4","yellow",3.64757030104754
"18S_ASV_5","green",2.38477827969403
"18S_ASV_6","green",11.7190037507378
"18S_ASV_8","blue",12.7515623616428
"18S_ASV_9","grey",0.39184216396349
"18S_ASV_10","magenta",2.73936229125077
"18S_ASV_11","blue",5.24508138658025
"18S_ASV_12","grey",0.250504005476852
"18S_ASV_13","green",10.0288194383279
"18S_ASV_15","red",7.2951415799748
"18S_ASV_16","blue",8.33103471195812
"18S_ASV_18","blue",8.10945146991141
"18S_ASV_22","greenyellow",0.17608964947096
"18S_ASV_23","red",2.45677434610092
"18S_ASV_24","turquoise",1.2313648986304
"18S_ASV_26","grey",0.516308179677008
"18S_ASV_27","black",0.743163021927498
"18S_ASV_28","pink",0.825418056588448
"18S_ASV_29","greenyellow",0.602596595839702
"18S_ASV_30","green",8.14754224976496
"18S_ASV_31","blue",8.54374366639218
"18S_ASV_32","black",1.25418880938756
"18S_ASV_34","green",5.73881830070585
"18S_ASV_36","red",6.85717692888599
"18S_ASV_37","red",10.7651945277398
"18S_ASV_42","grey",0.253771523552126
"18S_ASV_44","green",1.36447081841325
"18S_ASV_45","green",5.85114821722204
"18S_ASV_47","blue",14.2085551829398
"18S_ASV_48","turquoise",0.669686647596847
"18S_ASV_49","red",7.50746988441949
"18S_ASV_50","green",4.56904367348251
"18S_ASV_51","red",8.06444982940475
"18S_ASV_52","green",2.19519106422311
"18S_ASV_53","grey",0.33343837236865
"18S_ASV_55","green",0.660930741098999
"18S_ASV_57","red",6.96292061543155
"18S_ASV_58","grey",1.61991091359342
"18S_ASV_62","blue",2.36225204066108
"18S_ASV_64","blue",3.11728072352017
"18S_ASV_66","magenta",2.67160916815912
"18S_ASV_68","grey",0.283532226368746
"18S_ASV_69","green",5.66865187440689
"18S_ASV_70","green",9.32458038906173
"18S_ASV_71","red",8.14758039294863
"18S_ASV_72","green",3.53238309706635
"18S_ASV_73","red",3.77767661265404
"18S_ASV_75","green",1.04161631907881
"18S_ASV_76","grey",0.418763373692011
"18S_ASV_77","green",8.01057846190589
"18S_ASV_79","blue",9.54338308901423
"18S_ASV_80","grey",0.132732150004157
"18S_ASV_81","green",4.97926660530812
"18S_ASV_82","blue",12.6814712098928
"18S_ASV_83","blue",10.0123332609408
"18S_ASV_84","green",3.4285657609728
"18S_ASV_85","blue",2.82369405424345
"18S_ASV_86","brown",0.704396355147478
"18S_ASV_87","blue",9.82680995854281
"18S_ASV_88","black",1.96224942927495
"18S_ASV_89","blue",17.1572987022679
"18S_ASV_91","green",3.73125397918344
"18S_ASV_92","turquoise",1.69282209081285
"18S_ASV_93","green",7.52745370965814
"18S_ASV_97","green",1.64424475983346
"18S_ASV_98","blue",4.92823689542216
"18S_ASV_99","red",3.3913084360745
"18S_ASV_101","magenta",1.65638013993173
"18S_ASV_102","blue",6.52704720578745
"18S_ASV_104","blue",4.18934336954456
"18S_ASV_106","grey",0.361652966589575
"18S_ASV_114","blue",13.7032056140773
"18S_ASV_116","red",1.73709156614777
"18S_ASV_119","blue",2.46379821262539
"18S_ASV_123","blue",11.5488346036609
"18S_ASV_127","blue",0.841640881855457
"18S_ASV_129","green",10.6728245708729
"18S_ASV_135","blue",3.09697806975544
"18S_ASV_136","turquoise",0.902433755625981
"18S_ASV_140","grey",0.200637488081831
"18S_ASV_141","blue",3.95180202882386
"18S_ASV_142","green",6.27940630231904
"18S_ASV_143","brown",2.12746992378142
"18S_ASV_146","green",5.02846340684125
"18S_ASV_147","grey",0.394471363993143
"18S_ASV_150","green",11.9052678497431
"18S_ASV_154","pink",0.84286610394734
"18S_ASV_155","blue",12.0138061424016
"18S_ASV_157","green",14.2479734909716
"18S_ASV_160","blue",11.4557369937496
"18S_ASV_161","turquoise",3.92195778055885
"18S_ASV_164","magenta",2.28234878750281
"18S_ASV_168","grey",0.277500338017618
"18S_ASV_170","greenyellow",1.13668867270676
"18S_ASV_175","grey",0.988166395776751
"18S_ASV_177","green",11.1387309546329
"18S_ASV_181","green",11.7331270699603
"18S_ASV_182","green",2.14676229738319
"18S_ASV_183","green",3.92955673202519
"18S_ASV_186","turquoise",3.34932371125997
"18S_ASV_187","brown",2.50509151985958
"18S_ASV_188","blue",0.76735768664468
"18S_ASV_190","blue",3.41086867329768
"18S_ASV_191","red",0.654811285936654
"18S_ASV_192","blue",6.69760254381489
"18S_ASV_196","green",7.96715991013504
"18S_ASV_199","grey",0.186505452864635
"18S_ASV_201","grey",0.225642753101782
"18S_ASV_203","blue",1.54817849062302
"18S_ASV_205","magenta",2.28307220929965
"18S_ASV_207","blue",5.27045648567741
"18S_ASV_208","green",1.11541119148544
"18S_ASV_212","blue",1.70877127093703
"18S_ASV_216","blue",8.08178714591208
"18S_ASV_217","green",6.70227813694178
"18S_ASV_224","blue",6.54617654959423
"18S_ASV_225","red",1.28864682253891
"18S_ASV_227","green",4.28230344271119
"18S_ASV_231","green",4.38323506293362
"18S_ASV_234","grey",1.17319811958011
"18S_ASV_235","green",6.13724675627432
"18S_ASV_236","brown",1.62989166029356
"18S_ASV_238","blue",8.61047567376417
"18S_ASV_239","red",3.80998578219832
"18S_ASV_245","green",7.74464962087058
"18S_ASV_248","green",9.19630007544377
"18S_ASV_249","grey",0.674659788978835
"18S_ASV_254","red",1.68344532915639
"18S_ASV_257","brown",2.63077370123634
"18S_ASV_261","blue",4.7388816720406
"18S_ASV_262","green",7.14981570595896
"18S_ASV_264","green",6.60142081141724
"18S_ASV_266","grey",0.611846348179645
"18S_ASV_267","black",3.80198919020281
"18S_ASV_270","grey",0.249022349116575
"18S_ASV_271","green",7.04595634143462
"18S_ASV_272","blue",3.2355250155085
"18S_ASV_273","turquoise",1.50700664690757
"18S_ASV_274","green",3.87507207035896
"18S_ASV_279","blue",5.25233040376334
"18S_ASV_280","blue",4.99582322748264
"18S_ASV_281","grey",0.305694417931641
"18S_ASV_283","blue",1.86873824090016
"18S_ASV_285","green",2.93418647520496
"18S_ASV_290","green",4.64537493178675
"18S_ASV_292","turquoise",1.3413296595186
"18S_ASV_294","blue",0.949971568026546
"18S_ASV_301","red",1.03472991316707
"18S_ASV_302","pink",5.4865686751997
"18S_ASV_307","blue",6.59554088000327
"18S_ASV_308","grey",0.405656092846028
"18S_ASV_309","blue",4.34776942860551
"18S_ASV_312","green",3.96642001222178
"18S_ASV_315","blue",3.50586801488163
"18S_ASV_320","grey",0.758264884309642
"18S_ASV_321","blue",9.56288347967362
"18S_ASV_324","grey",0.542150880005803
"18S_ASV_326","blue",1.71546986112044
"18S_ASV_328","blue",2.65784437163839
"18S_ASV_336","grey",0.441680801878201
"18S_ASV_337","green",1.5404042521989
"18S_ASV_340","red",1.64989861095591
"18S_ASV_342","grey",0.575182118025808
"18S_ASV_343","red",1.65143935822489
"18S_ASV_344","grey",2.17281536914299
"18S_ASV_346","green",2.29933325698779
"18S_ASV_348","green",0.667449543620231
"18S_ASV_355","grey",0.246372719547403
"18S_ASV_363","black",4.08919148098935
"18S_ASV_370","green",1.63770934926828
"18S_ASV_375","red",1.97489226414065
"18S_ASV_377","red",7.73589432382817
"18S_ASV_381","grey",0.2237689319156
"18S_ASV_383","turquoise",2.75438618018337
"18S_ASV_384","red",3.06876358566979
"18S_ASV_386","red",4.18765009640266
"18S_ASV_395","black",2.95343983749286
"18S_ASV_398","blue",5.61089981803296
"18S_ASV_403","blue",6.7312122465446
"18S_ASV_408","yellow",2.09384526114365
"18S_ASV_412","brown",3.57750680628672
"18S_ASV_413","blue",0.881962105507819
"18S_ASV_415","green",5.55460232440241
"18S_ASV_417","green",3.00062047949906
"18S_ASV_421","red",1.01837032814607
"18S_ASV_431","blue",5.53035344909659
"18S_ASV_433","grey",0.208716603551448
"18S_ASV_434","grey",0.25136641616056
"18S_ASV_438","green",4.73386398518882
"18S_ASV_443","blue",1.47381699462177
"18S_ASV_444","green",6.26358760555803
"18S_ASV_445","green",8.81989037755726
"18S_ASV_447","turquoise",1.85851317185295
"18S_ASV_448","yellow",3.23338485280157
"18S_ASV_454","blue",2.92802349768918
"18S_ASV_456","black",3.61802364409164
"18S_ASV_461","grey",0.816379863386588
"18S_ASV_485","yellow",3.03158075860076
"18S_ASV_503","green",2.59132558645832
"18S_ASV_506","grey",1.35440936182064
"18S_ASV_508","brown",1.07716855483206
"18S_ASV_511","turquoise",2.47723425241496
"18S_ASV_513","green",3.14517886077141
"18S_ASV_514","grey",0.650657701646617
"18S_ASV_518","green",5.59107784607044
"18S_ASV_525","brown",3.91169346587048
"18S_ASV_529","red",3.1463805337572
"18S_ASV_530","green",4.64580562994784
"18S_ASV_535","green",2.11417190402723
"18S_ASV_536","grey",0.804232841464249
"18S_ASV_541","brown",1.37059267153442
"18S_ASV_542","green",3.70235187518661
"18S_ASV_547","green",2.69435756208055
"18S_ASV_553","red",1.83264054683556
"18S_ASV_557","grey",0.0632954810548014
"18S_ASV_566","grey",1.48040222485527
"18S_ASV_574","turquoise",4.04540144415554
"18S_ASV_576","turquoise",4.25070287562929
"18S_ASV_584","grey",0.508765842874977
"18S_ASV_591","green",1.17697495136787
"18S_ASV_593","grey",0.335607457654511
"18S_ASV_597","blue",3.61886495259435
"18S_ASV_599","blue",1.20279728415001
"18S_ASV_605","grey",0.30308089559642
"18S_ASV_607","green",0.74323703531267
"18S_ASV_630","green",3.15826801738006
"18S_ASV_635","greenyellow",0.214827832295185
"18S_ASV_652","greenyellow",0.230213295754946
"18S_ASV_661","magenta",0.458801834294156
"18S_ASV_668","grey",0.124553873036342
"18S_ASV_672","yellow",0.721760811821539
"18S_ASV_679","brown",0.633776801120334
"18S_ASV_693","blue",0.65268167594408
"18S_ASV_694","green",6.5041579559256
"18S_ASV_708","brown",0.463577871560527
"18S_ASV_716","yellow",5.51287578753015
"18S_ASV_721","black",2.63313061432423
"18S_ASV_734","blue",8.4564071357067
"18S_ASV_737","grey",2.05241187175956
"18S_ASV_738","black",2.8023182161553
"18S_ASV_748","black",2.16673803146292
"18S_ASV_750","green",1.2553034466848
"18S_ASV_759","grey",0.501464962476786
"18S_ASV_802","grey",0.481868675800546
"18S_ASV_806","turquoise",1.38434606267582
"18S_ASV_820","red",3.07102821735825
"18S_ASV_827","blue",3.9151200568196
"18S_ASV_839","pink",0.585933164575339
"18S_ASV_879","grey",0.134897986729029
"18S_ASV_904","brown",1.21218792040439
"18S_ASV_916","black",0.903844950742106
"18S_ASV_932","brown",0.798118100292706
"18S_ASV_983","brown",0.639066052769327
"18S_ASV_987","grey",0.846182783973519
"18S_ASV_1051","green",4.01324354711927
"18S_ASV_1071","turquoise",0.504488213144517
"18S_ASV_1079","green",4.96513183321503
"18S_ASV_1112","green",4.63585295025991
"18S_ASV_1133","brown",2.90938663897375
"18S_ASV_1153","grey",0.170805386749824
"18S_ASV_1185","grey",0.284350487844886
"18S_ASV_1333","grey",0.344629814945632
"18S_ASV_1506","blue",1.52808002048067
"18S_ASV_1651","grey",0.240093926868581
"18S_ASV_1911","brown",0.681298543354058
"18S_ASV_2019","turquoise",0.659391004630348
