"ASV","Module_Color"
"16S_ASV_6","black"
"16S_ASV_11","black"
"16S_ASV_27","black"
"16S_ASV_47","black"
"16S_ASV_54","black"
"16S_ASV_67","black"
"16S_ASV_69","black"
"16S_ASV_71","black"
"16S_ASV_85","black"
"16S_ASV_90","black"
"16S_ASV_95","black"
"16S_ASV_101","black"
"16S_ASV_106","black"
"16S_ASV_117","black"
"16S_ASV_124","black"
"16S_ASV_125","black"
"16S_ASV_141","black"
"16S_ASV_145","black"
"16S_ASV_146","black"
"16S_ASV_148","black"
"16S_ASV_157","black"
"16S_ASV_158","black"
"16S_ASV_159","black"
"16S_ASV_161","black"
"16S_ASV_164","black"
"16S_ASV_172","black"
"16S_ASV_183","black"
"16S_ASV_190","black"
"16S_ASV_196","black"
"16S_ASV_200","black"
"16S_ASV_201","black"
"16S_ASV_209","black"
"16S_ASV_210","black"
"16S_ASV_213","black"
"16S_ASV_214","black"
"16S_ASV_228","black"
"16S_ASV_231","black"
"16S_ASV_236","black"
"16S_ASV_237","black"
"16S_ASV_240","black"
"16S_ASV_245","black"
"16S_ASV_309","black"
"16S_ASV_334","black"
"16S_ASV_358","black"
"16S_ASV_415","black"
"16S_ASV_519","black"
"16S_ASV_562","black"
"16S_ASV_584","black"
"16S_ASV_864","black"
"18S_ASV_2","black"
"18S_ASV_27","black"
"18S_ASV_32","black"
"18S_ASV_88","black"
"18S_ASV_267","black"
"18S_ASV_363","black"
"18S_ASV_395","black"
"18S_ASV_456","black"
"18S_ASV_721","black"
"18S_ASV_738","black"
"18S_ASV_748","black"
"18S_ASV_916","black"
"16S_ASV_62","blue"
"16S_ASV_143","blue"
"16S_ASV_169","blue"
"16S_ASV_244","blue"
"16S_ASV_250","blue"
"16S_ASV_259","blue"
"16S_ASV_261","blue"
"16S_ASV_269","blue"
"16S_ASV_272","blue"
"16S_ASV_273","blue"
"16S_ASV_292","blue"
"16S_ASV_306","blue"
"16S_ASV_314","blue"
"16S_ASV_319","blue"
"16S_ASV_320","blue"
"16S_ASV_330","blue"
"16S_ASV_341","blue"
"16S_ASV_348","blue"
"16S_ASV_355","blue"
"16S_ASV_359","blue"
"16S_ASV_365","blue"
"16S_ASV_371","blue"
"16S_ASV_375","blue"
"16S_ASV_386","blue"
"16S_ASV_388","blue"
"16S_ASV_393","blue"
"16S_ASV_395","blue"
"16S_ASV_399","blue"
"16S_ASV_406","blue"
"16S_ASV_416","blue"
"16S_ASV_443","blue"
"16S_ASV_449","blue"
"16S_ASV_463","blue"
"16S_ASV_467","blue"
"16S_ASV_474","blue"
"16S_ASV_475","blue"
"16S_ASV_488","blue"
"16S_ASV_499","blue"
"16S_ASV_503","blue"
"16S_ASV_526","blue"
"16S_ASV_550","blue"
"16S_ASV_568","blue"
"16S_ASV_579","blue"
"16S_ASV_595","blue"
"16S_ASV_815","blue"
"16S_ASV_1147","blue"
"16S_ASV_1357","blue"
"18S_ASV_8","blue"
"18S_ASV_11","blue"
"18S_ASV_16","blue"
"18S_ASV_18","blue"
"18S_ASV_31","blue"
"18S_ASV_47","blue"
"18S_ASV_62","blue"
"18S_ASV_64","blue"
"18S_ASV_79","blue"
"18S_ASV_82","blue"
"18S_ASV_83","blue"
"18S_ASV_85","blue"
"18S_ASV_87","blue"
"18S_ASV_89","blue"
"18S_ASV_98","blue"
"18S_ASV_102","blue"
"18S_ASV_104","blue"
"18S_ASV_114","blue"
"18S_ASV_119","blue"
"18S_ASV_123","blue"
"18S_ASV_127","blue"
"18S_ASV_135","blue"
"18S_ASV_141","blue"
"18S_ASV_155","blue"
"18S_ASV_160","blue"
"18S_ASV_188","blue"
"18S_ASV_190","blue"
"18S_ASV_192","blue"
"18S_ASV_203","blue"
"18S_ASV_207","blue"
"18S_ASV_212","blue"
"18S_ASV_216","blue"
"18S_ASV_224","blue"
"18S_ASV_238","blue"
"18S_ASV_261","blue"
"18S_ASV_272","blue"
"18S_ASV_279","blue"
"18S_ASV_280","blue"
"18S_ASV_283","blue"
"18S_ASV_294","blue"
"18S_ASV_307","blue"
"18S_ASV_309","blue"
"18S_ASV_315","blue"
"18S_ASV_321","blue"
"18S_ASV_326","blue"
"18S_ASV_328","blue"
"18S_ASV_398","blue"
"18S_ASV_403","blue"
"18S_ASV_413","blue"
"18S_ASV_431","blue"
"18S_ASV_443","blue"
"18S_ASV_454","blue"
"18S_ASV_597","blue"
"18S_ASV_599","blue"
"18S_ASV_693","blue"
"18S_ASV_734","blue"
"18S_ASV_827","blue"
"18S_ASV_1506","blue"
"16S_ASV_79","brown"
"16S_ASV_105","brown"
"16S_ASV_128","brown"
"16S_ASV_174","brown"
"16S_ASV_195","brown"
"16S_ASV_199","brown"
"16S_ASV_211","brown"
"16S_ASV_247","brown"
"16S_ASV_256","brown"
"16S_ASV_277","brown"
"16S_ASV_290","brown"
"16S_ASV_293","brown"
"16S_ASV_301","brown"
"16S_ASV_305","brown"
"16S_ASV_312","brown"
"16S_ASV_315","brown"
"16S_ASV_323","brown"
"16S_ASV_329","brown"
"16S_ASV_346","brown"
"16S_ASV_353","brown"
"16S_ASV_369","brown"
"16S_ASV_370","brown"
"16S_ASV_373","brown"
"16S_ASV_374","brown"
"16S_ASV_377","brown"
"16S_ASV_385","brown"
"16S_ASV_390","brown"
"16S_ASV_394","brown"
"16S_ASV_400","brown"
"16S_ASV_408","brown"
"16S_ASV_418","brown"
"16S_ASV_427","brown"
"16S_ASV_429","brown"
"16S_ASV_437","brown"
"16S_ASV_440","brown"
"16S_ASV_453","brown"
"16S_ASV_456","brown"
"16S_ASV_469","brown"
"16S_ASV_473","brown"
"16S_ASV_476","brown"
"16S_ASV_480","brown"
"16S_ASV_494","brown"
"16S_ASV_497","brown"
"16S_ASV_501","brown"
"16S_ASV_504","brown"
"16S_ASV_505","brown"
"16S_ASV_516","brown"
"16S_ASV_537","brown"
"16S_ASV_547","brown"
"16S_ASV_570","brown"
"16S_ASV_576","brown"
"16S_ASV_578","brown"
"16S_ASV_586","brown"
"16S_ASV_606","brown"
"16S_ASV_620","brown"
"16S_ASV_621","brown"
"16S_ASV_630","brown"
"16S_ASV_638","brown"
"16S_ASV_650","brown"
"16S_ASV_667","brown"
"16S_ASV_675","brown"
"16S_ASV_714","brown"
"16S_ASV_742","brown"
"16S_ASV_759","brown"
"16S_ASV_762","brown"
"16S_ASV_782","brown"
"16S_ASV_783","brown"
"16S_ASV_784","brown"
"16S_ASV_795","brown"
"16S_ASV_825","brown"
"16S_ASV_842","brown"
"16S_ASV_854","brown"
"16S_ASV_860","brown"
"16S_ASV_866","brown"
"16S_ASV_870","brown"
"16S_ASV_928","brown"
"16S_ASV_988","brown"
"16S_ASV_1014","brown"
"16S_ASV_1018","brown"
"16S_ASV_1038","brown"
"16S_ASV_1054","brown"
"16S_ASV_1059","brown"
"16S_ASV_1102","brown"
"16S_ASV_1212","brown"
"16S_ASV_1297","brown"
"16S_ASV_1479","brown"
"16S_ASV_1529","brown"
"18S_ASV_86","brown"
"18S_ASV_143","brown"
"18S_ASV_187","brown"
"18S_ASV_236","brown"
"18S_ASV_257","brown"
"18S_ASV_412","brown"
"18S_ASV_508","brown"
"18S_ASV_525","brown"
"18S_ASV_541","brown"
"18S_ASV_679","brown"
"18S_ASV_708","brown"
"18S_ASV_904","brown"
"18S_ASV_932","brown"
"18S_ASV_983","brown"
"18S_ASV_1133","brown"
"18S_ASV_1911","brown"
"16S_ASV_177","green"
"16S_ASV_270","green"
"16S_ASV_327","green"
"16S_ASV_378","green"
"16S_ASV_417","green"
"16S_ASV_434","green"
"16S_ASV_435","green"
"16S_ASV_457","green"
"16S_ASV_487","green"
"16S_ASV_540","green"
"16S_ASV_541","green"
"16S_ASV_544","green"
"16S_ASV_558","green"
"16S_ASV_580","green"
"16S_ASV_598","green"
"16S_ASV_613","green"
"16S_ASV_645","green"
"16S_ASV_682","green"
"16S_ASV_702","green"
"16S_ASV_711","green"
"16S_ASV_840","green"
"16S_ASV_890","green"
"16S_ASV_1002","green"
"16S_ASV_1174","green"
"16S_ASV_1323","green"
"18S_ASV_5","green"
"18S_ASV_6","green"
"18S_ASV_13","green"
"18S_ASV_30","green"
"18S_ASV_34","green"
"18S_ASV_44","green"
"18S_ASV_45","green"
"18S_ASV_50","green"
"18S_ASV_52","green"
"18S_ASV_55","green"
"18S_ASV_69","green"
"18S_ASV_70","green"
"18S_ASV_72","green"
"18S_ASV_75","green"
"18S_ASV_77","green"
"18S_ASV_81","green"
"18S_ASV_84","green"
"18S_ASV_91","green"
"18S_ASV_93","green"
"18S_ASV_97","green"
"18S_ASV_129","green"
"18S_ASV_142","green"
"18S_ASV_146","green"
"18S_ASV_150","green"
"18S_ASV_157","green"
"18S_ASV_177","green"
"18S_ASV_181","green"
"18S_ASV_182","green"
"18S_ASV_183","green"
"18S_ASV_196","green"
"18S_ASV_208","green"
"18S_ASV_217","green"
"18S_ASV_227","green"
"18S_ASV_231","green"
"18S_ASV_235","green"
"18S_ASV_245","green"
"18S_ASV_248","green"
"18S_ASV_262","green"
"18S_ASV_264","green"
"18S_ASV_271","green"
"18S_ASV_274","green"
"18S_ASV_285","green"
"18S_ASV_290","green"
"18S_ASV_312","green"
"18S_ASV_337","green"
"18S_ASV_346","green"
"18S_ASV_348","green"
"18S_ASV_370","green"
"18S_ASV_415","green"
"18S_ASV_417","green"
"18S_ASV_438","green"
"18S_ASV_444","green"
"18S_ASV_445","green"
"18S_ASV_503","green"
"18S_ASV_513","green"
"18S_ASV_518","green"
"18S_ASV_530","green"
"18S_ASV_535","green"
"18S_ASV_542","green"
"18S_ASV_547","green"
"18S_ASV_591","green"
"18S_ASV_607","green"
"18S_ASV_630","green"
"18S_ASV_694","green"
"18S_ASV_750","green"
"18S_ASV_1051","green"
"18S_ASV_1079","green"
"18S_ASV_1112","green"
"16S_ASV_147","greenyellow"
"16S_ASV_275","greenyellow"
"16S_ASV_317","greenyellow"
"16S_ASV_335","greenyellow"
"16S_ASV_368","greenyellow"
"16S_ASV_447","greenyellow"
"16S_ASV_528","greenyellow"
"16S_ASV_539","greenyellow"
"16S_ASV_587","greenyellow"
"16S_ASV_625","greenyellow"
"16S_ASV_629","greenyellow"
"16S_ASV_664","greenyellow"
"16S_ASV_676","greenyellow"
"16S_ASV_688","greenyellow"
"16S_ASV_743","greenyellow"
"16S_ASV_773","greenyellow"
"16S_ASV_801","greenyellow"
"16S_ASV_831","greenyellow"
"16S_ASV_856","greenyellow"
"16S_ASV_937","greenyellow"
"16S_ASV_966","greenyellow"
"16S_ASV_998","greenyellow"
"16S_ASV_1031","greenyellow"
"16S_ASV_1072","greenyellow"
"16S_ASV_1363","greenyellow"
"16S_ASV_1551","greenyellow"
"16S_ASV_1590","greenyellow"
"16S_ASV_1949","greenyellow"
"18S_ASV_22","greenyellow"
"18S_ASV_29","greenyellow"
"18S_ASV_170","greenyellow"
"18S_ASV_635","greenyellow"
"18S_ASV_652","greenyellow"
"16S_ASV_107","grey"
"16S_ASV_173","grey"
"16S_ASV_252","grey"
"16S_ASV_257","grey"
"16S_ASV_299","grey"
"16S_ASV_300","grey"
"16S_ASV_318","grey"
"16S_ASV_342","grey"
"16S_ASV_345","grey"
"16S_ASV_352","grey"
"16S_ASV_356","grey"
"16S_ASV_387","grey"
"16S_ASV_402","grey"
"16S_ASV_412","grey"
"16S_ASV_424","grey"
"16S_ASV_431","grey"
"16S_ASV_445","grey"
"16S_ASV_448","grey"
"16S_ASV_450","grey"
"16S_ASV_460","grey"
"16S_ASV_461","grey"
"16S_ASV_464","grey"
"16S_ASV_479","grey"
"16S_ASV_484","grey"
"16S_ASV_507","grey"
"16S_ASV_509","grey"
"16S_ASV_517","grey"
"16S_ASV_520","grey"
"16S_ASV_530","grey"
"16S_ASV_549","grey"
"16S_ASV_554","grey"
"16S_ASV_563","grey"
"16S_ASV_566","grey"
"16S_ASV_572","grey"
"16S_ASV_581","grey"
"16S_ASV_589","grey"
"16S_ASV_591","grey"
"16S_ASV_594","grey"
"16S_ASV_596","grey"
"16S_ASV_597","grey"
"16S_ASV_605","grey"
"16S_ASV_631","grey"
"16S_ASV_636","grey"
"16S_ASV_660","grey"
"16S_ASV_699","grey"
"16S_ASV_707","grey"
"16S_ASV_716","grey"
"16S_ASV_717","grey"
"16S_ASV_739","grey"
"16S_ASV_756","grey"
"16S_ASV_785","grey"
"16S_ASV_811","grey"
"16S_ASV_816","grey"
"16S_ASV_828","grey"
"16S_ASV_832","grey"
"16S_ASV_863","grey"
"16S_ASV_865","grey"
"16S_ASV_873","grey"
"16S_ASV_878","grey"
"16S_ASV_884","grey"
"16S_ASV_886","grey"
"16S_ASV_929","grey"
"16S_ASV_934","grey"
"16S_ASV_943","grey"
"16S_ASV_956","grey"
"16S_ASV_960","grey"
"16S_ASV_961","grey"
"16S_ASV_978","grey"
"16S_ASV_1012","grey"
"16S_ASV_1070","grey"
"16S_ASV_1146","grey"
"16S_ASV_1176","grey"
"16S_ASV_1368","grey"
"16S_ASV_1370","grey"
"16S_ASV_1393","grey"
"16S_ASV_1474","grey"
"16S_ASV_1609","grey"
"16S_ASV_1679","grey"
"16S_ASV_2121","grey"
"16S_ASV_2189","grey"
"18S_ASV_9","grey"
"18S_ASV_12","grey"
"18S_ASV_26","grey"
"18S_ASV_42","grey"
"18S_ASV_53","grey"
"18S_ASV_58","grey"
"18S_ASV_68","grey"
"18S_ASV_76","grey"
"18S_ASV_80","grey"
"18S_ASV_106","grey"
"18S_ASV_140","grey"
"18S_ASV_147","grey"
"18S_ASV_168","grey"
"18S_ASV_175","grey"
"18S_ASV_199","grey"
"18S_ASV_201","grey"
"18S_ASV_234","grey"
"18S_ASV_249","grey"
"18S_ASV_266","grey"
"18S_ASV_270","grey"
"18S_ASV_281","grey"
"18S_ASV_308","grey"
"18S_ASV_320","grey"
"18S_ASV_324","grey"
"18S_ASV_336","grey"
"18S_ASV_342","grey"
"18S_ASV_344","grey"
"18S_ASV_355","grey"
"18S_ASV_381","grey"
"18S_ASV_433","grey"
"18S_ASV_434","grey"
"18S_ASV_461","grey"
"18S_ASV_506","grey"
"18S_ASV_514","grey"
"18S_ASV_536","grey"
"18S_ASV_557","grey"
"18S_ASV_566","grey"
"18S_ASV_584","grey"
"18S_ASV_593","grey"
"18S_ASV_605","grey"
"18S_ASV_668","grey"
"18S_ASV_737","grey"
"18S_ASV_759","grey"
"18S_ASV_802","grey"
"18S_ASV_879","grey"
"18S_ASV_987","grey"
"18S_ASV_1153","grey"
"18S_ASV_1185","grey"
"18S_ASV_1333","grey"
"18S_ASV_1651","grey"
"16S_ASV_1","magenta"
"16S_ASV_4","magenta"
"16S_ASV_7","magenta"
"16S_ASV_12","magenta"
"16S_ASV_14","magenta"
"16S_ASV_16","magenta"
"16S_ASV_22","magenta"
"16S_ASV_28","magenta"
"16S_ASV_31","magenta"
"16S_ASV_32","magenta"
"16S_ASV_37","magenta"
"16S_ASV_46","magenta"
"16S_ASV_49","magenta"
"16S_ASV_50","magenta"
"16S_ASV_51","magenta"
"16S_ASV_53","magenta"
"16S_ASV_65","magenta"
"16S_ASV_66","magenta"
"16S_ASV_74","magenta"
"16S_ASV_77","magenta"
"16S_ASV_78","magenta"
"16S_ASV_81","magenta"
"16S_ASV_89","magenta"
"16S_ASV_91","magenta"
"16S_ASV_94","magenta"
"16S_ASV_98","magenta"
"16S_ASV_104","magenta"
"16S_ASV_109","magenta"
"16S_ASV_112","magenta"
"16S_ASV_116","magenta"
"16S_ASV_123","magenta"
"16S_ASV_133","magenta"
"16S_ASV_135","magenta"
"16S_ASV_137","magenta"
"16S_ASV_166","magenta"
"16S_ASV_176","magenta"
"16S_ASV_178","magenta"
"16S_ASV_198","magenta"
"16S_ASV_205","magenta"
"16S_ASV_224","magenta"
"16S_ASV_267","magenta"
"16S_ASV_612","magenta"
"16S_ASV_642","magenta"
"16S_ASV_940","magenta"
"16S_ASV_957","magenta"
"16S_ASV_1375","magenta"
"18S_ASV_1","magenta"
"18S_ASV_10","magenta"
"18S_ASV_66","magenta"
"18S_ASV_101","magenta"
"18S_ASV_164","magenta"
"18S_ASV_205","magenta"
"18S_ASV_661","magenta"
"16S_ASV_18","pink"
"16S_ASV_64","pink"
"16S_ASV_75","pink"
"16S_ASV_134","pink"
"16S_ASV_170","pink"
"16S_ASV_182","pink"
"16S_ASV_186","pink"
"16S_ASV_197","pink"
"16S_ASV_207","pink"
"16S_ASV_208","pink"
"16S_ASV_212","pink"
"16S_ASV_221","pink"
"16S_ASV_233","pink"
"16S_ASV_234","pink"
"16S_ASV_235","pink"
"16S_ASV_251","pink"
"16S_ASV_254","pink"
"16S_ASV_266","pink"
"16S_ASV_276","pink"
"16S_ASV_280","pink"
"16S_ASV_282","pink"
"16S_ASV_284","pink"
"16S_ASV_287","pink"
"16S_ASV_295","pink"
"16S_ASV_304","pink"
"16S_ASV_308","pink"
"16S_ASV_316","pink"
"16S_ASV_328","pink"
"16S_ASV_331","pink"
"16S_ASV_333","pink"
"16S_ASV_343","pink"
"16S_ASV_350","pink"
"16S_ASV_360","pink"
"16S_ASV_363","pink"
"16S_ASV_364","pink"
"16S_ASV_380","pink"
"16S_ASV_381","pink"
"16S_ASV_383","pink"
"16S_ASV_392","pink"
"16S_ASV_411","pink"
"16S_ASV_436","pink"
"16S_ASV_438","pink"
"16S_ASV_468","pink"
"16S_ASV_510","pink"
"16S_ASV_515","pink"
"16S_ASV_583","pink"
"16S_ASV_677","pink"
"16S_ASV_786","pink"
"16S_ASV_809","pink"
"16S_ASV_912","pink"
"16S_ASV_1230","pink"
"18S_ASV_28","pink"
"18S_ASV_154","pink"
"18S_ASV_302","pink"
"18S_ASV_839","pink"
"16S_ASV_97","purple"
"16S_ASV_193","purple"
"16S_ASV_232","purple"
"16S_ASV_313","purple"
"16S_ASV_322","purple"
"16S_ASV_337","purple"
"16S_ASV_344","purple"
"16S_ASV_367","purple"
"16S_ASV_376","purple"
"16S_ASV_398","purple"
"16S_ASV_401","purple"
"16S_ASV_404","purple"
"16S_ASV_409","purple"
"16S_ASV_413","purple"
"16S_ASV_425","purple"
"16S_ASV_430","purple"
"16S_ASV_442","purple"
"16S_ASV_455","purple"
"16S_ASV_458","purple"
"16S_ASV_470","purple"
"16S_ASV_471","purple"
"16S_ASV_490","purple"
"16S_ASV_506","purple"
"16S_ASV_534","purple"
"16S_ASV_543","purple"
"16S_ASV_553","purple"
"16S_ASV_557","purple"
"16S_ASV_559","purple"
"16S_ASV_560","purple"
"16S_ASV_582","purple"
"16S_ASV_585","purple"
"16S_ASV_602","purple"
"16S_ASV_616","purple"
"16S_ASV_640","purple"
"16S_ASV_646","purple"
"16S_ASV_670","purple"
"16S_ASV_673","purple"
"16S_ASV_721","purple"
"16S_ASV_729","purple"
"16S_ASV_735","purple"
"16S_ASV_745","purple"
"16S_ASV_770","purple"
"16S_ASV_933","purple"
"16S_ASV_5","red"
"16S_ASV_10","red"
"16S_ASV_21","red"
"16S_ASV_36","red"
"16S_ASV_38","red"
"16S_ASV_44","red"
"16S_ASV_52","red"
"16S_ASV_56","red"
"16S_ASV_58","red"
"16S_ASV_61","red"
"16S_ASV_68","red"
"16S_ASV_80","red"
"16S_ASV_84","red"
"16S_ASV_87","red"
"16S_ASV_88","red"
"16S_ASV_108","red"
"16S_ASV_115","red"
"16S_ASV_120","red"
"16S_ASV_121","red"
"16S_ASV_130","red"
"16S_ASV_131","red"
"16S_ASV_142","red"
"16S_ASV_149","red"
"16S_ASV_150","red"
"16S_ASV_152","red"
"16S_ASV_154","red"
"16S_ASV_163","red"
"16S_ASV_165","red"
"16S_ASV_179","red"
"16S_ASV_191","red"
"16S_ASV_192","red"
"16S_ASV_194","red"
"16S_ASV_203","red"
"16S_ASV_229","red"
"16S_ASV_242","red"
"16S_ASV_248","red"
"16S_ASV_268","red"
"16S_ASV_271","red"
"16S_ASV_278","red"
"16S_ASV_281","red"
"16S_ASV_492","red"
"16S_ASV_571","red"
"16S_ASV_626","red"
"16S_ASV_671","red"
"16S_ASV_709","red"
"16S_ASV_736","red"
"16S_ASV_1241","red"
"18S_ASV_15","red"
"18S_ASV_23","red"
"18S_ASV_36","red"
"18S_ASV_37","red"
"18S_ASV_49","red"
"18S_ASV_51","red"
"18S_ASV_57","red"
"18S_ASV_71","red"
"18S_ASV_73","red"
"18S_ASV_99","red"
"18S_ASV_116","red"
"18S_ASV_191","red"
"18S_ASV_225","red"
"18S_ASV_239","red"
"18S_ASV_254","red"
"18S_ASV_301","red"
"18S_ASV_340","red"
"18S_ASV_343","red"
"18S_ASV_375","red"
"18S_ASV_377","red"
"18S_ASV_384","red"
"18S_ASV_386","red"
"18S_ASV_421","red"
"18S_ASV_529","red"
"18S_ASV_553","red"
"18S_ASV_820","red"
"16S_ASV_8","turquoise"
"16S_ASV_24","turquoise"
"16S_ASV_30","turquoise"
"16S_ASV_39","turquoise"
"16S_ASV_41","turquoise"
"16S_ASV_45","turquoise"
"16S_ASV_48","turquoise"
"16S_ASV_72","turquoise"
"16S_ASV_93","turquoise"
"16S_ASV_103","turquoise"
"16S_ASV_110","turquoise"
"16S_ASV_113","turquoise"
"16S_ASV_118","turquoise"
"16S_ASV_122","turquoise"
"16S_ASV_126","turquoise"
"16S_ASV_132","turquoise"
"16S_ASV_139","turquoise"
"16S_ASV_140","turquoise"
"16S_ASV_144","turquoise"
"16S_ASV_153","turquoise"
"16S_ASV_155","turquoise"
"16S_ASV_156","turquoise"
"16S_ASV_162","turquoise"
"16S_ASV_167","turquoise"
"16S_ASV_168","turquoise"
"16S_ASV_175","turquoise"
"16S_ASV_180","turquoise"
"16S_ASV_181","turquoise"
"16S_ASV_185","turquoise"
"16S_ASV_187","turquoise"
"16S_ASV_215","turquoise"
"16S_ASV_218","turquoise"
"16S_ASV_219","turquoise"
"16S_ASV_220","turquoise"
"16S_ASV_222","turquoise"
"16S_ASV_223","turquoise"
"16S_ASV_225","turquoise"
"16S_ASV_227","turquoise"
"16S_ASV_238","turquoise"
"16S_ASV_239","turquoise"
"16S_ASV_243","turquoise"
"16S_ASV_246","turquoise"
"16S_ASV_253","turquoise"
"16S_ASV_258","turquoise"
"16S_ASV_260","turquoise"
"16S_ASV_262","turquoise"
"16S_ASV_264","turquoise"
"16S_ASV_265","turquoise"
"16S_ASV_274","turquoise"
"16S_ASV_279","turquoise"
"16S_ASV_283","turquoise"
"16S_ASV_285","turquoise"
"16S_ASV_286","turquoise"
"16S_ASV_289","turquoise"
"16S_ASV_291","turquoise"
"16S_ASV_296","turquoise"
"16S_ASV_297","turquoise"
"16S_ASV_298","turquoise"
"16S_ASV_302","turquoise"
"16S_ASV_303","turquoise"
"16S_ASV_307","turquoise"
"16S_ASV_310","turquoise"
"16S_ASV_311","turquoise"
"16S_ASV_326","turquoise"
"16S_ASV_336","turquoise"
"16S_ASV_338","turquoise"
"16S_ASV_340","turquoise"
"16S_ASV_347","turquoise"
"16S_ASV_349","turquoise"
"16S_ASV_351","turquoise"
"16S_ASV_354","turquoise"
"16S_ASV_357","turquoise"
"16S_ASV_361","turquoise"
"16S_ASV_362","turquoise"
"16S_ASV_366","turquoise"
"16S_ASV_382","turquoise"
"16S_ASV_389","turquoise"
"16S_ASV_391","turquoise"
"16S_ASV_396","turquoise"
"16S_ASV_403","turquoise"
"16S_ASV_410","turquoise"
"16S_ASV_421","turquoise"
"16S_ASV_422","turquoise"
"16S_ASV_428","turquoise"
"16S_ASV_432","turquoise"
"16S_ASV_433","turquoise"
"16S_ASV_451","turquoise"
"16S_ASV_465","turquoise"
"16S_ASV_472","turquoise"
"16S_ASV_518","turquoise"
"16S_ASV_524","turquoise"
"16S_ASV_531","turquoise"
"16S_ASV_535","turquoise"
"16S_ASV_538","turquoise"
"16S_ASV_555","turquoise"
"16S_ASV_567","turquoise"
"16S_ASV_573","turquoise"
"16S_ASV_643","turquoise"
"16S_ASV_701","turquoise"
"16S_ASV_771","turquoise"
"16S_ASV_820","turquoise"
"16S_ASV_1113","turquoise"
"16S_ASV_1196","turquoise"
"18S_ASV_24","turquoise"
"18S_ASV_48","turquoise"
"18S_ASV_92","turquoise"
"18S_ASV_136","turquoise"
"18S_ASV_161","turquoise"
"18S_ASV_186","turquoise"
"18S_ASV_273","turquoise"
"18S_ASV_292","turquoise"
"18S_ASV_383","turquoise"
"18S_ASV_447","turquoise"
"18S_ASV_511","turquoise"
"18S_ASV_574","turquoise"
"18S_ASV_576","turquoise"
"18S_ASV_806","turquoise"
"18S_ASV_1071","turquoise"
"18S_ASV_2019","turquoise"
"16S_ASV_2","yellow"
"16S_ASV_3","yellow"
"16S_ASV_9","yellow"
"16S_ASV_13","yellow"
"16S_ASV_15","yellow"
"16S_ASV_17","yellow"
"16S_ASV_19","yellow"
"16S_ASV_20","yellow"
"16S_ASV_23","yellow"
"16S_ASV_25","yellow"
"16S_ASV_26","yellow"
"16S_ASV_29","yellow"
"16S_ASV_33","yellow"
"16S_ASV_34","yellow"
"16S_ASV_35","yellow"
"16S_ASV_40","yellow"
"16S_ASV_42","yellow"
"16S_ASV_43","yellow"
"16S_ASV_55","yellow"
"16S_ASV_57","yellow"
"16S_ASV_59","yellow"
"16S_ASV_60","yellow"
"16S_ASV_63","yellow"
"16S_ASV_70","yellow"
"16S_ASV_73","yellow"
"16S_ASV_76","yellow"
"16S_ASV_82","yellow"
"16S_ASV_83","yellow"
"16S_ASV_86","yellow"
"16S_ASV_92","yellow"
"16S_ASV_96","yellow"
"16S_ASV_99","yellow"
"16S_ASV_100","yellow"
"16S_ASV_102","yellow"
"16S_ASV_111","yellow"
"16S_ASV_114","yellow"
"16S_ASV_119","yellow"
"16S_ASV_127","yellow"
"16S_ASV_129","yellow"
"16S_ASV_136","yellow"
"16S_ASV_138","yellow"
"16S_ASV_151","yellow"
"16S_ASV_160","yellow"
"16S_ASV_171","yellow"
"16S_ASV_184","yellow"
"16S_ASV_188","yellow"
"16S_ASV_189","yellow"
"16S_ASV_202","yellow"
"16S_ASV_204","yellow"
"16S_ASV_206","yellow"
"16S_ASV_216","yellow"
"16S_ASV_217","yellow"
"16S_ASV_226","yellow"
"16S_ASV_230","yellow"
"16S_ASV_241","yellow"
"16S_ASV_249","yellow"
"16S_ASV_255","yellow"
"16S_ASV_263","yellow"
"16S_ASV_288","yellow"
"16S_ASV_321","yellow"
"16S_ASV_324","yellow"
"16S_ASV_325","yellow"
"16S_ASV_384","yellow"
"16S_ASV_397","yellow"
"16S_ASV_419","yellow"
"16S_ASV_491","yellow"
"16S_ASV_508","yellow"
"16S_ASV_658","yellow"
"16S_ASV_684","yellow"
"16S_ASV_690","yellow"
"16S_ASV_705","yellow"
"16S_ASV_732","yellow"
"16S_ASV_823","yellow"
"16S_ASV_867","yellow"
"16S_ASV_900","yellow"
"16S_ASV_920","yellow"
"16S_ASV_922","yellow"
"16S_ASV_1028","yellow"
"16S_ASV_1200","yellow"
"16S_ASV_1258","yellow"
"16S_ASV_1306","yellow"
"16S_ASV_1463","yellow"
"16S_ASV_1541","yellow"
"16S_ASV_1550","yellow"
"16S_ASV_1641","yellow"
"16S_ASV_1726","yellow"
"16S_ASV_1743","yellow"
"16S_ASV_2408","yellow"
"16S_ASV_3009","yellow"
"18S_ASV_4","yellow"
"18S_ASV_408","yellow"
"18S_ASV_448","yellow"
"18S_ASV_485","yellow"
"18S_ASV_672","yellow"
"18S_ASV_716","yellow"
