"Lake","Month","Date_Sam","Order","RelAbund"
"Lake Mohegan","August","8-04_LM","Chytridiales",0.192837465564738
"Lake Mohegan","August","8-04_LM","Rhizophydiales",0.732782369146005
"Lake Mohegan","August","8-04_LM","Zygophlyctidales",0.0743801652892562
"Lake Mohegan","August","8-12_LM","Chytridiales",0.305903398926655
"Lake Mohegan","August","8-12_LM","Cladochytriales",0.0178890876565295
"Lake Mohegan","August","8-12_LM","Monoblepharidales",0.0178890876565295
"Lake Mohegan","August","8-12_LM","Rhizophydiales",0.608228980322004
"Lake Mohegan","August","8-12_LM","Spizellomycetales",0.0500894454382826
"Lake Mohegan","August","8-18_LM","Chytridiales",0.644897959183673
"Lake Mohegan","August","8-18_LM","Rhizophydiales",0.346938775510204
"Lake Mohegan","August","8-26_LM","Chytridiales",0.0660944206008584
"Lake Mohegan","August","8-26_LM","Cladochytriales",0.0283261802575107
"Lake Mohegan","August","8-26_LM","Rhizophydiales",0.905579399141631
"Lake Mohegan","July","7-08_LM","Neocallimastigales",0.391933815925543
"Lake Mohegan","July","7-08_LM","Rhizophydiales",0.34229576008273
"Lake Mohegan","July","7-08_LM","Spizellomycetales",0.265770423991727
"Lake Mohegan","July","7-14_LM","Chytridiales",0.0228198859005705
"Lake Mohegan","July","7-14_LM","Cladochytriales",0.0171149144254279
"Lake Mohegan","July","7-14_LM","Neocallimastigales",0.125509372453138
"Lake Mohegan","July","7-14_LM","Rhizophydiales",0.245313773431133
"Lake Mohegan","July","7-14_LM","Spizellomycetales",0.541157294213529
"Lake Mohegan","July","7-14_LM","Zygophlyctidales",0.0480847595762021
"Lake Mohegan","July","7-18_LM","Chytridiales",0.135007849293564
"Lake Mohegan","July","7-18_LM","Cladochytriales",0.209576138147567
"Lake Mohegan","July","7-18_LM","Monoblepharidales",0.0337519623233909
"Lake Mohegan","July","7-18_LM","Rhizophydiales",0.183673469387755
"Lake Mohegan","July","7-18_LM","Spizellomycetales",0.278649921507064
"Lake Mohegan","July","7-18_LM","Zygophlyctidales",0.159340659340659
"Lake Mohegan","July","7-22_LM","Chytridiales",0.236486486486486
"Lake Mohegan","July","7-22_LM","Cladochytriales",0.0135135135135135
"Lake Mohegan","July","7-22_LM","Rhizophydiales",0.385135135135135
"Lake Mohegan","July","7-22_LM","Spizellomycetales",0.22972972972973
"Lake Mohegan","July","7-22_LM","Zygophlyctidales",0.135135135135135
"Lake Mohegan","June","6-01_LM","Rhizophydiales",0.908541846419327
"Lake Mohegan","June","6-01_LM","Spizellomycetales",0.0534943917169974
"Lake Mohegan","June","6-01_LM","Zygophlyctidales",0.0379637618636756
"Lake Mohegan","June","6-08_LM","Spizellomycetales",0.985035652497292
"Lake Mohegan","June","6-16_LM","Rhizophydiales",0.696976938702354
"Lake Mohegan","June","6-16_LM","Spizellomycetales",0.0730075277810969
"Lake Mohegan","June","6-16_LM","Zygophlyctidales",0.226072410084837
"Lake Mohegan","June","6-19_LM","Cladochytriales",0.0348432055749129
"Lake Mohegan","June","6-19_LM","Rhizophydiales",0.339140534262485
"Lake Mohegan","June","6-19_LM","Spizellomycetales",0.434378629500581
"Lake Mohegan","June","6-19_LM","Zygophlyctidales",0.191637630662021
"Lake Mohegan","September","9-01_LM","Cladochytriales",1
"Lake Mohegan","September","9-09_LM","Chytridiales",1
"Lake Mohegan","September","9-16_LM","Chytridiales",1
"Lake Rippowam","August","8-04_LR","Chytridiales",0.133232628398792
"Lake Rippowam","August","8-04_LR","Cladochytriales",0.0317220543806647
"Lake Rippowam","August","8-04_LR","Rhizophydiales",0.722054380664653
"Lake Rippowam","August","8-04_LR","Spizellomycetales",0.112990936555891
"Lake Rippowam","August","8-12_LR","Chytridiales",0.0581167924001118
"Lake Rippowam","August","8-12_LR","Rhizophydiales",0.468007823414362
"Lake Rippowam","August","8-12_LR","Spizellomycetales",0.355965353450685
"Lake Rippowam","August","8-12_LR","Zygophlyctidales",0.049455155071249
"Lake Rippowam","August","8-12_LR","Zygorhizidiales",0.0653813914501257
"Lake Rippowam","August","8-18_LR","Chytridiales",0.0791473696710604
"Lake Rippowam","August","8-18_LR","Cladochytriales",0.0138938368364802
"Lake Rippowam","August","8-18_LR","Rhizophydiales",0.682579266120413
"Lake Rippowam","August","8-18_LR","Spizellomycetales",0.167794798717492
"Lake Rippowam","August","8-18_LR","Zygophlyctidales",0.0122907018168864
"Lake Rippowam","August","8-18_LR","Zygorhizidiales",0.0442940268376677
"Lake Rippowam","August","8-26_LR","Chytridiales",0.0448637316561845
"Lake Rippowam","August","8-26_LR","Cladochytriales",0.011560347409404
"Lake Rippowam","August","8-26_LR","Rhizophydiales",0.364001197963462
"Lake Rippowam","August","8-26_LR","Spizellomycetales",0.0601976639712489
"Lake Rippowam","August","8-26_LR","Zygophlyctidales",0.508235998802037
"Lake Rippowam","August","8-26_LR","Zygorhizidiales",0.011141060197664
"Lake Rippowam","July","7-08_LR","Chytridiales",0.0639504219409283
"Lake Rippowam","July","7-08_LR","Cladochytriales",0.0392932489451477
"Lake Rippowam","July","7-08_LR","Rhizophydiales",0.608122362869198
"Lake Rippowam","July","7-08_LR","Spizellomycetales",0.242616033755274
"Lake Rippowam","July","7-08_LR","Zygophlyctidales",0.0445675105485232
"Lake Rippowam","July","7-14_LR","Chytridiales",0.0162185232607768
"Lake Rippowam","July","7-14_LR","Cladochytriales",0.020913358941528
"Lake Rippowam","July","7-14_LR","Rhizophydiales",0.401621852326078
"Lake Rippowam","July","7-14_LR","Spizellomycetales",0.54858443590838
"Lake Rippowam","July","7-14_LR","Zygophlyctidales",0.0106700810926163
"Lake Rippowam","July","7-18_LR","Chytridiales",0.190101237345332
"Lake Rippowam","July","7-18_LR","Cladochytriales",0.125984251968504
"Lake Rippowam","July","7-18_LR","Rhizophydiales",0.144731908511436
"Lake Rippowam","July","7-18_LR","Spizellomycetales",0.539182602174728
"Lake Rippowam","July","7-22_LR","Chytridiales",0.201974245440143
"Lake Rippowam","July","7-22_LR","Cladochytriales",0.0167364016736402
"Lake Rippowam","July","7-22_LR","Rhizophydiales",0.701750822602267
"Lake Rippowam","July","7-22_LR","Spizellomycetales",0.0745013608481943
"Lake Rippowam","June","6-01_LR","Chytridiales",0.0160761154855643
"Lake Rippowam","June","6-01_LR","Rhizophydiales",0.851246719160105
"Lake Rippowam","June","6-01_LR","Spizellomycetales",0.0511154855643045
"Lake Rippowam","June","6-01_LR","Zygophlyctidales",0.0486220472440945
"Lake Rippowam","June","6-08_LR","Chytridiales",0.0152212389380531
"Lake Rippowam","June","6-08_LR","Rhizophydiales",0.692035398230089
"Lake Rippowam","June","6-08_LR","Spizellomycetales",0.0168141592920354
"Lake Rippowam","June","6-08_LR","Zygophlyctidales",0.253628318584071
"Lake Rippowam","June","6-16_LR","Chytridiales",0.0174812700677845
"Lake Rippowam","June","6-16_LR","Neocallimastigales",0.0663574741348555
"Lake Rippowam","June","6-16_LR","Rhizophydiales",0.580449518373172
"Lake Rippowam","June","6-16_LR","Spizellomycetales",0.16767748840528
"Lake Rippowam","June","6-16_LR","Zygophlyctidales",0.164823403496254
"Lake Rippowam","June","6-19_LR","Cladochytriales",0.0123054650741947
"Lake Rippowam","June","6-19_LR","Rhizophydiales",0.884183858125226
"Lake Rippowam","June","6-19_LR","Spizellomycetales",0.0687658342381469
"Lake Rippowam","June","6-19_LR","Zygophlyctidales",0.0307636626854868
"Lake Rippowam","September","9-01_LR","Chytridiales",0.147590361445783
"Lake Rippowam","September","9-01_LR","Rhizophydiales",0.387550200803213
"Lake Rippowam","September","9-01_LR","Spizellomycetales",0.257028112449799
"Lake Rippowam","September","9-01_LR","Zygophlyctidales",0.153949129852744
"Lake Rippowam","September","9-01_LR","Zygorhizidiales",0.0538821954484605
"Lake Rippowam","September","9-09_LR","Chytridiales",0.0455957086391869
"Lake Rippowam","September","9-09_LR","Rhizophydiales",0.809712027103331
"Lake Rippowam","September","9-09_LR","Spizellomycetales",0.0196216826651609
"Lake Rippowam","September","9-09_LR","Zygophlyctidales",0.124364765669113
"Lake Rippowam","September","9-16_LR","Chytridiales",0.0454629288085577
"Lake Rippowam","September","9-16_LR","Rhizophydiales",0.797122832902988
"Lake Rippowam","September","9-16_LR","Zygophlyctidales",0.148469199557359
"Teatown Lake","August","8-04_TTL","Chytridiales",0.402805611222445
"Teatown Lake","August","8-04_TTL","Cladochytriales",0.30060120240481
"Teatown Lake","August","8-04_TTL","Monoblepharidales",0.0521042084168337
"Teatown Lake","August","8-04_TTL","Neocallimastigales",0.0561122244488978
"Teatown Lake","August","8-04_TTL","Zygophlyctidales",0.188376753507014
"Teatown Lake","August","8-12_TTL","Chytridiales",0.655352480417755
"Teatown Lake","August","8-12_TTL","Cladochytriales",0.0757180156657963
"Teatown Lake","August","8-12_TTL","Rhizophydiales",0.0469973890339426
"Teatown Lake","August","8-12_TTL","Zygophlyctidales",0.221932114882507
"Teatown Lake","August","8-18_TTL","Zygophlyctidales",1
"Teatown Lake","August","8-26_TTL","Chytridiales",1
"Teatown Lake","July","7-08_TTL","Chytridiales",0.0474860335195531
"Teatown Lake","July","7-08_TTL","Monoblepharidales",0.0223463687150838
"Teatown Lake","July","7-08_TTL","Neocallimastigales",0.0111731843575419
"Teatown Lake","July","7-08_TTL","Rhizophydiales",0.0251396648044693
"Teatown Lake","July","7-08_TTL","Zygophlyctidales",0.893854748603352
"Teatown Lake","July","7-14_TTL","Rhizophydiales",1
"Teatown Lake","July","7-18_TTL","Chytridiales",0.199119219880466
"Teatown Lake","July","7-18_TTL","Cladochytriales",0.0614973262032086
"Teatown Lake","July","7-18_TTL","Monoblepharidales",0.0275243787354514
"Teatown Lake","July","7-18_TTL","Neocallimastigales",0.0454545454545455
"Teatown Lake","July","7-18_TTL","Rhizophydiales",0.634476250393205
"Teatown Lake","July","7-18_TTL","Spizellomycetales",0.0319282793331236
"Teatown Lake","July","7-22_TTL","Chytridiales",0.359848484848485
"Teatown Lake","July","7-22_TTL","Neocallimastigales",0.071969696969697
"Teatown Lake","July","7-22_TTL","Rhizophydiales",0.151515151515152
"Teatown Lake","July","7-22_TTL","Spizellomycetales",0.132575757575758
"Teatown Lake","July","7-22_TTL","Zygophlyctidales",0.284090909090909
"Teatown Lake","June","6-01_TTL","Chytridiales",0.110126582278481
"Teatown Lake","June","6-01_TTL","Neocallimastigales",0.069620253164557
"Teatown Lake","June","6-01_TTL","Rhizophydiales",0.813924050632911
"Teatown Lake","June","6-08_TTL","Chytridiales",0.0335195530726257
"Teatown Lake","June","6-08_TTL","Neocallimastigales",0.0371344068353598
"Teatown Lake","June","6-08_TTL","Rhizophydiales",0.895497863950049
"Teatown Lake","June","6-08_TTL","Spizellomycetales",0.0256325994084785
"Teatown Lake","June","6-16_TTL","Cladochytriales",0.672131147540984
"Teatown Lake","June","6-16_TTL","Spizellomycetales",0.327868852459016
"Teatown Lake","June","6-19_TTL","Rhizophydiales",1
"Teatown Lake","September","9-01_TTL","Cladochytriales",0.049079754601227
"Teatown Lake","September","9-01_TTL","Rhizophydiales",0.368098159509202
"Teatown Lake","September","9-01_TTL","Spizellomycetales",0.52760736196319
"Teatown Lake","September","9-01_TTL","Zygophlyctidales",0.0552147239263804
"Teatown Lake","September","9-09_TTL","Rhizophydiales",0.25
"Teatown Lake","September","9-09_TTL","Zygophlyctidales",0.75
"Teatown Lake","September","9-16_TTL","Rhizophydiales",1
